frequency_hz,target_mean_amplitude,side_mean_amplitude,valley_contrast,extra_valley_penalty,final_amplitude_valley_score
636.547,0.01452342327684164,0.03182085603475571,2.1910024536361017,0.10640104860067368,0.24529313949501605
720.0,0.019816812127828598,0.032734449952840805,1.6518524645481232,0.11400436609983444,0.18523151232370558
420.0,0.034164249897003174,0.044967371970415115,1.316211305852776,0.09504368901252747,0.1678773775662213
250.0,0.03762054815888405,0.04487178474664688,1.1927467020719225,0.10280753672122955,0.14924431002857771
820.0,0.11313024908304214,0.1320948451757431,1.1676350599986762,0.0901246964931488,0.1446240061297166
180.0,0.05084722116589546,0.059095002710819244,1.1622071247121717,0.11035484820604324,0.13964508526433259
320.0,0.06474693864583969,0.07049696147441864,1.088807640157801,0.1162402555346489,0.12070215100623824
540.0,0.04976639524102211,0.04892962425947189,0.9831860238721797,0.1100662425160408,0.11268429957723987
920.0,0.10041011869907379,0.107093945145607,1.066565267854771,0.11757609248161316,0.10652584919068393
