name,value,unit
rhoS0101,1,1
rhoS0102,1,1
rhoS0103,1,1
rhoS0104,1,1
rhoS0105,1,1
rhoS0106,1,1
rhoS0107,1,1
rhoS0108,1,1
rhoS0109,1,1
rhoS0110,1,1
rhoS0111,1,1
rhoS0112,1,1
rhoS0113,1,1
rhoS0114,1,1
rhoS0115,1,1
rhoS0201,1,1
rhoS0202,1,1
rhoS0203,1,1
rhoS0204,1,1
rhoS0205,1,1
rhoS0206,1,1
rhoS0207,1,1
rhoS0208,1,1
rhoS0209,1,1
rhoS0210,1,1
rhoS0211,1,1
rhoS0212,1,1
rhoS0213,1,1
rhoS0214,1,1
rhoS0215,1,1
rhoS0301,1,1
rhoS0302,1,1
rhoS0303,1,1
rhoS0304,1,1
rhoS0305,1,1
rhoS0306,1,1
rhoS0307,1,1
rhoS0308,1,1
rhoS0309,1,1
rhoS0310,1,1
rhoS0311,1,1
rhoS0312,1,1
rhoS0313,1,1
rhoS0314,1,1
rhoS0315,1,1
rhoS0401,1,1
rhoS0402,1,1
rhoS0403,1,1
rhoS0404,1,1
rhoS0405,1,1
rhoS0406,1,1
rhoS0407,1,1
rhoS0408,1,1
rhoS0409,1,1
rhoS0410,1,1
rhoS0411,1,1
rhoS0412,1,1
rhoS0413,1,1
rhoS0414,1,1
rhoS0415,1,1
rhoS0501,1,1
rhoS0502,1,1
rhoS0503,1,1
rhoS0504,1,1
rhoS0505,1,1
rhoS0506,1,1
rhoS0507,1,1
rhoS0508,1,1
rhoS0509,1,1
rhoS0510,1,1
rhoS0511,1,1
rhoS0512,1,1
rhoS0513,1,1
rhoS0514,1,1
rhoS0515,1,1
rhoS0601,1,1
rhoS0602,1,1
rhoS0603,1,1
rhoS0604,1,1
rhoS0605,1,1
rhoS0606,1,1
rhoS0607,1,1
rhoS0608,1,1
rhoS0609,0.9,1
rhoS0610,1,1
rhoS0611,1,1
rhoS0612,1,1
rhoS0613,1,1
rhoS0614,1,1
rhoS0615,1,1
rhoS0701,1,1
rhoS0702,1,1
rhoS0703,1,1
rhoS0704,1,1
rhoS0705,0.9,1
rhoS0706,1,1
rhoS0707,1,1
rhoS0708,1,1
rhoS0709,1,1
rhoS0710,1,1
rhoS0711,1,1
rhoS0712,1,1
rhoS0713,1,1
rhoS0714,1,1
rhoS0715,1,1
rhoS0801,1,1
rhoS0802,1,1
rhoS0803,1,1
rhoS0804,1,1
rhoS0805,0.9,1
rhoS0806,1,1
rhoS0807,1,1
rhoS0808,1,1
rhoS0809,1,1
rhoS0810,1,1
rhoS0811,1,1
rhoS0812,1,1
rhoS0813,1,1
rhoS0814,1,1
rhoS0815,1,1
rhoS0901,1,1
rhoS0902,1,1
rhoS0903,1,1
rhoS0904,1,1
rhoS0905,0.9,1
rhoS0906,1,1
rhoS0907,1,1
rhoS0908,1,1
rhoS0909,1,1
rhoS0910,1,1
rhoS0911,1,1
rhoS0912,1,1
rhoS0913,1,1
rhoS0914,1,1
rhoS0915,1,1
rhoS1001,1,1
rhoS1002,1,1
rhoS1003,1,1
rhoS1004,1,1
rhoS1005,1,1
rhoS1006,1,1
rhoS1007,1,1
rhoS1008,1,1
rhoS1009,1,1
rhoS1010,1,1
rhoS1011,0.9,1
rhoS1012,1,1
rhoS1013,1,1
rhoS1014,1,1
rhoS1015,1,1
rhoS1101,1,1
rhoS1102,1,1
rhoS1103,1,1
rhoS1104,1,1
rhoS1105,1,1
rhoS1106,1,1
rhoS1107,1,1
rhoS1108,1,1
rhoS1109,1,1
rhoS1110,0.9,1
rhoS1111,1,1
rhoS1112,1,1
rhoS1113,1,1
rhoS1114,1,1
rhoS1115,1,1
rhoS1201,1,1
rhoS1202,1,1
rhoS1203,1,1
rhoS1204,1,1
rhoS1205,1,1
rhoS1206,1,1
rhoS1207,1,1
rhoS1208,1,1
rhoS1209,1,1
rhoS1210,1,1
rhoS1211,1,1
rhoS1212,1,1
rhoS1213,1,1
rhoS1214,1,1
rhoS1215,1,1
rhoS1301,1,1
rhoS1302,1,1
rhoS1303,1,1
rhoS1304,1,1
rhoS1305,1,1
rhoS1306,1,1
rhoS1307,1,1
rhoS1308,1,1
rhoS1309,1,1
rhoS1310,1,1
rhoS1311,1,1
rhoS1312,1,1
rhoS1313,1,1
rhoS1314,1,1
rhoS1315,1,1
rhoS1401,1,1
rhoS1402,1,1
rhoS1403,1,1
rhoS1404,1,1
rhoS1405,1,1
rhoS1406,1,1
rhoS1407,1,1
rhoS1408,1,1
rhoS1409,1,1
rhoS1410,1,1
rhoS1411,1,1
rhoS1412,1,1
rhoS1413,1,1
rhoS1414,1,1
rhoS1415,1,1
rhoS1501,1,1
rhoS1502,1,1
rhoS1503,1,1
rhoS1504,1,1
rhoS1505,1,1
rhoS1506,1,1
rhoS1507,1,1
rhoS1508,1,1
rhoS1509,1,1
rhoS1510,1,1
rhoS1511,1,1
rhoS1512,1,1
rhoS1513,1,1
rhoS1514,1,1
rhoS1515,1,1
etaL0101,0,1
etaL0102,0,1
etaL0103,0,1
etaL0104,0,1
etaL0105,0,1
etaL0106,0,1
etaL0107,0,1
etaL0108,0,1
etaL0109,0,1
etaL0110,0,1
etaL0111,0,1
etaL0112,0,1
etaL0113,0,1
etaL0114,0,1
etaL0115,0,1
etaL0201,0,1
etaL0202,0,1
etaL0203,0,1
etaL0204,0,1
etaL0205,0,1
etaL0206,0,1
etaL0207,0,1
etaL0208,0,1
etaL0209,0,1
etaL0210,0,1
etaL0211,0,1
etaL0212,0,1
etaL0213,0,1
etaL0214,0,1
etaL0215,0,1
etaL0301,0,1
etaL0302,0,1
etaL0303,0,1
etaL0304,0,1
etaL0305,0,1
etaL0306,0,1
etaL0307,0,1
etaL0308,0,1
etaL0309,0,1
etaL0310,0,1
etaL0311,0,1
etaL0312,0,1
etaL0313,0,1
etaL0314,0,1
etaL0315,0,1
etaL0401,0,1
etaL0402,0,1
etaL0403,0,1
etaL0404,0,1
etaL0405,0,1
etaL0406,0,1
etaL0407,0,1
etaL0408,0,1
etaL0409,0,1
etaL0410,0,1
etaL0411,0,1
etaL0412,0,1
etaL0413,0,1
etaL0414,0,1
etaL0415,0,1
etaL0501,0,1
etaL0502,0,1
etaL0503,0,1
etaL0504,0,1
etaL0505,0,1
etaL0506,0,1
etaL0507,0,1
etaL0508,0,1
etaL0509,0,1
etaL0510,0,1
etaL0511,0,1
etaL0512,0,1
etaL0513,0,1
etaL0514,0,1
etaL0515,0,1
etaL0601,0,1
etaL0602,0,1
etaL0603,0,1
etaL0604,0,1
etaL0605,0,1
etaL0606,0,1
etaL0607,0,1
etaL0608,0,1
etaL0609,0,1
etaL0610,0,1
etaL0611,0,1
etaL0612,0,1
etaL0613,0,1
etaL0614,0,1
etaL0615,0,1
etaL0701,0,1
etaL0702,0,1
etaL0703,0,1
etaL0704,0,1
etaL0705,0,1
etaL0706,0,1
etaL0707,0,1
etaL0708,0,1
etaL0709,0,1
etaL0710,0,1
etaL0711,0,1
etaL0712,0,1
etaL0713,0,1
etaL0714,0,1
etaL0715,0,1
etaL0801,0,1
etaL0802,0,1
etaL0803,0,1
etaL0804,0,1
etaL0805,0,1
etaL0806,0,1
etaL0807,0,1
etaL0808,0,1
etaL0809,0,1
etaL0810,0,1
etaL0811,0,1
etaL0812,0,1
etaL0813,0,1
etaL0814,0,1
etaL0815,0,1
etaL0901,0,1
etaL0902,0,1
etaL0903,0,1
etaL0904,0,1
etaL0905,0,1
etaL0906,0,1
etaL0907,0,1
etaL0908,0,1
etaL0909,0,1
etaL0910,0,1
etaL0911,0,1
etaL0912,0,1
etaL0913,0,1
etaL0914,0,1
etaL0915,0,1
etaL1001,0,1
etaL1002,0,1
etaL1003,0,1
etaL1004,0,1
etaL1005,0,1
etaL1006,0,1
etaL1007,0,1
etaL1008,0,1
etaL1009,0,1
etaL1010,0,1
etaL1011,0,1
etaL1012,0,1
etaL1013,0,1
etaL1014,0,1
etaL1015,0,1
etaL1101,0,1
etaL1102,0,1
etaL1103,0,1
etaL1104,0,1
etaL1105,0,1
etaL1106,0,1
etaL1107,0,1
etaL1108,0,1
etaL1109,0,1
etaL1110,0,1
etaL1111,0,1
etaL1112,0,1
etaL1113,0,1
etaL1114,0,1
etaL1115,0,1
etaL1201,0,1
etaL1202,0,1
etaL1203,0,1
etaL1204,0,1
etaL1205,0,1
etaL1206,0,1
etaL1207,0,1
etaL1208,0,1
etaL1209,0,1
etaL1210,0,1
etaL1211,0,1
etaL1212,0,1
etaL1213,0,1
etaL1214,0,1
etaL1215,0,1
etaL1301,0,1
etaL1302,0,1
etaL1303,0,1
etaL1304,0,1
etaL1305,0,1
etaL1306,0,1
etaL1307,0,1
etaL1308,0,1
etaL1309,0,1
etaL1310,0,1
etaL1311,0,1
etaL1312,0,1
etaL1313,0,1
etaL1314,0,1
etaL1315,0,1
etaL1401,0,1
etaL1402,0,1
etaL1403,0,1
etaL1404,0,1
etaL1405,0,1
etaL1406,0,1
etaL1407,0,1
etaL1408,0,1
etaL1409,0,1
etaL1410,0,1
etaL1411,0,1
etaL1412,0,1
etaL1413,0,1
etaL1414,0,1
etaL1415,0,1
etaL1501,0,1
etaL1502,0,1
etaL1503,0,1
etaL1504,0,1
etaL1505,0,1
etaL1506,0,1
etaL1507,0,1
etaL1508,0,1
etaL1509,0,1
etaL1510,0,1
etaL1511,0,1
etaL1512,0,1
etaL1513,0,1
etaL1514,0,1
etaL1515,0,1
